{
    "best": [
        1.01,
        0.99
    ],
    "best_weights_over_time": [
        [
            0.0,
            96
        ],
        [
            0.01,
            99
        ],
        [
            0.02,
            99
        ],
        [
            0.03,
            99
        ],
        [
            0.04,
            99
        ],
        [
            0.05,
            99
        ],
        [
            0.06,
            99
        ],
        [
            0.07,
            99
        ],
        [
            0.08,
            99
        ],
        [
            0.09,
            99
        ],
        [
            0.1,
            99
        ],
        [
            0.11,
            99
        ],
        [
            0.12,
            99
        ],
        [
            0.13,
            99
        ],
        [
            0.14,
            99
        ],
        [
            0.15,
            99
        ],
        [
            0.16,
            99
        ],
        [
            0.17,
            99
        ],
        [
            0.18,
            99
        ],
        [
            0.19,
            99
        ],
        [
            0.2,
            99
        ],
        [
            0.21,
            99
        ],
        [
            0.22,
            99
        ],
        [
            0.23,
            99
        ],
        [
            0.24,
            99
        ],
        [
            0.25,
            99
        ],
        [
            0.26,
            99
        ],
        [
            0.27,
            99
        ],
        [
            0.28,
            99
        ],
        [
            0.29,
            99
        ],
        [
            0.3,
            99
        ],
        [
            0.31,
            99
        ],
        [
            0.32,
            99
        ],
        [
            0.33,
            99
        ],
        [
            0.34,
            100
        ],
        [
            0.35000000000000003,
            100
        ],
        [
            0.36,
            100
        ],
        [
            0.37,
            100
        ],
        [
            0.38,
            100
        ],
        [
            0.39,
            100
        ],
        [
            0.4,
            100
        ],
        [
            0.41000000000000003,
            100
        ],
        [
            0.42,
            100
        ],
        [
            0.43,
            100
        ],
        [
            0.44,
            100
        ],
        [
            0.45,
            100
        ],
        [
            0.46,
            100
        ],
        [
            0.47000000000000003,
            100
        ],
        [
            0.48,
            100
        ],
        [
            0.49,
            100
        ],
        [
            0.5,
            101
        ],
        [
            0.51,
            101
        ],
        [
            0.52,
            101
        ],
        [
            0.53,
            101
        ],
        [
            0.54,
            101
        ],
        [
            0.55,
            101
        ],
        [
            0.56,
            101
        ],
        [
            0.5700000000000001,
            101
        ],
        [
            0.58,
            101
        ],
        [
            0.59,
            101
        ],
        [
            0.6,
            101
        ],
        [
            0.61,
            101
        ],
        [
            0.62,
            101
        ],
        [
            0.63,
            101
        ],
        [
            0.64,
            101
        ],
        [
            0.65,
            101
        ],
        [
            0.66,
            101
        ],
        [
            0.67,
            101
        ],
        [
            0.68,
            101
        ],
        [
            0.6900000000000001,
            101
        ],
        [
            0.7000000000000001,
            101
        ],
        [
            0.71,
            101
        ],
        [
            0.72,
            101
        ],
        [
            0.73,
            101
        ],
        [
            0.74,
            101
        ],
        [
            0.75,
            101
        ],
        [
            0.76,
            101
        ],
        [
            0.77,
            101
        ],
        [
            0.78,
            101
        ],
        [
            0.79,
            101
        ],
        [
            0.8,
            101
        ],
        [
            0.81,
            101
        ],
        [
            0.8200000000000001,
            101
        ],
        [
            0.8300000000000001,
            101
        ],
        [
            0.84,
            101
        ],
        [
            0.85,
            101
        ],
        [
            0.86,
            101
        ],
        [
            0.87,
            101
        ],
        [
            0.88,
            101
        ],
        [
            0.89,
            101
        ],
        [
            0.9,
            101
        ],
        [
            0.91,
            101
        ],
        [
            0.92,
            101
        ],
        [
            0.93,
            101
        ],
        [
            0.9400000000000001,
            101
        ],
        [
            0.9500000000000001,
            101
        ],
        [
            0.96,
            101
        ],
        [
            0.97,
            101
        ],
        [
            0.98,
            101
        ],
        [
            0.99,
            101
        ],
        [
            1.0,
            101
        ],
        [
            1.01,
            102
        ],
        [
            1.02,
            102
        ],
        [
            1.03,
            102
        ],
        [
            1.04,
            102
        ],
        [
            1.05,
            102
        ],
        [
            1.06,
            102
        ],
        [
            1.07,
            102
        ],
        [
            1.08,
            102
        ],
        [
            1.09,
            102
        ],
        [
            1.1,
            102
        ],
        [
            1.11,
            102
        ],
        [
            1.12,
            102
        ],
        [
            1.1300000000000001,
            102
        ],
        [
            1.1400000000000001,
            102
        ],
        [
            1.1500000000000001,
            100
        ],
        [
            1.16,
            100
        ],
        [
            1.17,
            100
        ],
        [
            1.18,
            100
        ],
        [
            1.19,
            100
        ],
        [
            1.2,
            100
        ],
        [
            1.21,
            101
        ],
        [
            1.22,
            101
        ],
        [
            1.23,
            101
        ],
        [
            1.24,
            100
        ],
        [
            1.25,
            100
        ],
        [
            1.26,
            100
        ],
        [
            1.27,
            100
        ],
        [
            1.28,
            100
        ],
        [
            1.29,
            100
        ],
        [
            1.3,
            100
        ],
        [
            1.31,
            100
        ],
        [
            1.32,
            100
        ],
        [
            1.33,
            100
        ],
        [
            1.34,
            96
        ],
        [
            1.35,
            96
        ],
        [
            1.36,
            96
        ],
        [
            1.37,
            96
        ],
        [
            1.3800000000000001,
            96
        ],
        [
            1.3900000000000001,
            96
        ],
        [
            1.4000000000000001,
            96
