{
    "best": [
        1.5,
        0.5
    ],
    "best_weights_over_time": [
        [
            0.0,
            81
        ],
        [
            0.01,
            91
        ],
        [
            0.02,
            91
        ],
        [
            0.03,
            91
        ],
        [
            0.04,
            91
        ],
        [
            0.05,
            91
        ],
        [
            0.06,
            91
        ],
        [
            0.07,
            91
        ],
        [
            0.08,
            91
        ],
        [
            0.09,
            91
        ],
        [
            0.1,
            91
        ],
        [
            0.11,
            91
        ],
        [
            0.12,
            91
        ],
        [
            0.13,
            91
        ],
        [
            0.14,
            91
        ],
        [
            0.15,
            91
        ],
        [
            0.16,
            91
        ],
        [
            0.17,
            91
        ],
        [
            0.18,
            91
        ],
        [
            0.19,
            91
        ],
        [
            0.2,
            91
        ],
        [
            0.21,
            91
        ],
        [
            0.22,
            91
        ],
        [
            0.23,
            91
        ],
        [
            0.24,
            91
        ],
        [
            0.25,
            91
        ],
        [
            0.26,
            91
        ],
        [
            0.27,
            91
        ],
        [
            0.28,
            91
        ],
        [
            0.29,
            91
        ],
        [
            0.3,
            91
        ],
        [
            0.31,
            91
        ],
        [
            0.32,
            91
        ],
        [
            0.33,
            91
        ],
        [
            0.34,
            91
        ],
        [
            0.35000000000000003,
            91
        ],
        [
            0.36,
            91
        ],
        [
            0.37,
            91
        ],
        [
            0.38,
            91
        ],
        [
            0.39,
            91
        ],
        [
            0.4,
            91
        ],
        [
            0.41000000000000003,
            91
        ],
        [
            0.42,
            91
        ],
        [
            0.43,
            91
        ],
        [
            0.44,
            91
        ],
        [
            0.45,
            91
        ],
        [
            0.46,
            91
        ],
        [
            0.47000000000000003,
            91
        ],
        [
            0.48,
            91
        ],
        [
            0.49,
            91
        ],
        [
            0.5,
            91
        ],
        [
            0.51,
            91
        ],
        [
            0.52,
            91
        ],
        [
            0.53,
            91
        ],
        [
            0.54,
            91
        ],
        [
            0.55,
            91
        ],
        [
            0.56,
            91
        ],
        [
            0.5700000000000001,
            91
        ],
        [
            0.58,
            91
        ],
        [
            0.59,
            91
        ],
        [
            0.6,
            91
        ],
        [
            0.61,
            91
        ],
        [
            0.62,
            91
        ],
        [
            0.63,
            91
        ],
        [
            0.64,
            91
        ],
        [
            0.65,
            91
        ],
        [
            0.66,
            91
        ],
        [
            0.67,
            91
        ],
        [
            0.68,
            91
        ],
        [
            0.6900000000000001,
            91
        ],
        [
            0.7000000000000001,
            91
        ],
        [
            0.71,
            91
        ],
        [
            0.72,
            91
        ],
        [
            0.73,
            91
        ],
        [
            0.74,
            91
        ],
        [
            0.75,
            91
        ],
        [
            0.76,
            91
        ],
        [
            0.77,
            91
        ],
        [
            0.78,
            91
        ],
        [
            0.79,
            91
        ],
        [
            0.8,
            91
        ],
        [
            0.81,
            91
        ],
        [
            0.8200000000000001,
            91
        ],
        [
            0.8300000000000001,
            91
        ],
        [
            0.84,
            91
        ],
        [
            0.85,
            91
        ],
        [
            0.86,
            91
        ],
        [
            0.87,
            91
        ],
        [
            0.88,
            91
        ],
        [
            0.89,
            91
        ],
        [
            0.9,
            91
        ],
        [
            0.91,
            91
        ],
        [
            0.92,
            91
        ],
        [
            0.93,
            91
        ],
        [
            0.9400000000000001,
            91
        ],
        [
            0.9500000000000001,
            91
        ],
        [
            0.96,
            91
        ],
        [
            0.97,
            91
        ],
        [
            0.98,
            91
        ],
        [
            0.99,
            91
        ],
        [
            1.0,
            91
        ],
        [
            1.01,
            91
        ],
        [
            1.02,
            91
        ],
        [
            1.03,
            91
        ],
        [
            1.04,
            91
        ],
        [
            1.05,
            91
        ],
        [
            1.06,
            91
        ],
        [
            1.07,
            91
        ],
        [
            1.08,
            91
        ],
        [
            1.09,
            91
        ],
        [
            1.1,
            91
        ],
        [
            1.11,
            91
        ],
        [
            1.12,
            91
        ],
        [
            1.1300000000000001,
            91
        ],
        [
            1.1400000000000001,
            91
        ],
        [
            1.1500000000000001,
            91
        ],
        [
            1.16,
            91
        ],
        [
            1.17,
            91
        ],
        [
            1.18,
            91
        ],
        [
            1.19,
            91
        ],
        [
            1.2,
            91
        ],
        [
            1.21,
            91
        ],
        [
            1.22,
            91
        ],
        [
            1.23,
            91
        ],
        [
            1.24,
            91
        ],
        [
            1.25,
            91
        ],
        [
            1.26,
            91
        ],
        [
            1.27,
            91
        ],
        [
            1.28,
            91
        ],
        [
            1.29,
            91
        ],
        [
            1.3,
            91
        ],
        [
            1.31,
            91
        ],
        [
            1.32,
            91
        ],
        [
            1.33,
            91
        ],
        [
            1.34,
            90
        ],
        [
            1.35,
            90
        ],
        [
            1.36,
            90
        ],
        [
            1.37,
            90
        ],
        [
            1.3800000000000001,
            90
        ],
        [
            1.3900000000000001,
            90
        ],
        [
            1.4000000000000001,
            90
        ],
        [
            1.41,
            90
        ],
        [
            1.42,
