{
    "best": [
        0.01,
        1.99
    ],
    "best_weights_over_time": [
        [
            0.0,
            82
        ],
        [
            0.01,
            87
        ],
        [
            0.02,
            87
        ],
        [
            0.03,
            87
        ],
        [
            0.04,
            87
        ],
        [
            0.05,
            87
        ],
        [
            0.06,
            87
        ],
        [
            0.07,
            87
        ],
        [
            0.08,
            87
        ],
        [
            0.09,
            87
        ],
        [
            0.1,
            87
        ],
        [
            0.11,
            87
        ],
        [
            0.12,
            87
        ],
        [
            0.13,
            87
        ],
        [
            0.14,
            87
        ],
        [
            0.15,
            87
        ],
        [
            0.16,
            87
        ],
        [
            0.17,
            87
        ],
        [
            0.18,
            87
        ],
        [
            0.19,
            87
        ],
        [
            0.2,
            87
        ],
        [
            0.21,
            87
        ],
        [
            0.22,
            87
        ],
        [
            0.23,
            87
        ],
        [
            0.24,
            87
        ],
        [
            0.25,
            87
        ],
        [
            0.26,
            87
        ],
        [
            0.27,
            87
        ],
        [
            0.28,
            87
        ],
        [
            0.29,
            87
        ],
        [
            0.3,
            87
        ],
        [
            0.31,
            87
        ],
        [
            0.32,
            87
        ],
        [
            0.33,
            87
        ],
        [
            0.34,
            87
        ],
        [
            0.35000000000000003,
            87
        ],
        [
            0.36,
            87
        ],
        [
            0.37,
            87
        ],
        [
            0.38,
            87
        ],
        [
            0.39,
            87
        ],
        [
            0.4,
            87
        ],
        [
            0.41000000000000003,
            87
        ],
        [
            0.42,
            87
        ],
        [
            0.43,
            87
        ],
        [
            0.44,
            87
        ],
        [
            0.45,
            87
        ],
        [
            0.46,
            87
        ],
        [
            0.47000000000000003,
            87
        ],
        [
            0.48,
            87
        ],
        [
            0.49,
            87
        ],
        [
            0.5,
            87
        ],
        [
            0.51,
            87
        ],
        [
            0.52,
            87
        ],
        [
            0.53,
            87
        ],
        [
            0.54,
            87
        ],
        [
            0.55,
            87
        ],
        [
            0.56,
            87
        ],
        [
            0.5700000000000001,
            87
        ],
        [
            0.58,
            87
        ],
        [
            0.59,
            87
        ],
        [
            0.6,
            87
        ],
        [
            0.61,
            87
        ],
        [
            0.62,
            87
        ],
        [
            0.63,
            87
        ],
        [
            0.64,
            87
        ],
        [
            0.65,
            87
        ],
        [
            0.66,
            87
        ],
        [
            0.67,
            87
        ],
        [
            0.68,
            87
        ],
        [
            0.6900000000000001,
            87
        ],
        [
            0.7000000000000001,
            87
        ],
        [
            0.71,
            87
        ],
        [
            0.72,
            87
        ],
        [
            0.73,
            87
        ],
        [
            0.74,
            87
        ],
        [
            0.75,
            87
        ],
        [
            0.76,
            87
        ],
        [
            0.77,
            87
        ],
        [
            0.78,
            87
        ],
        [
            0.79,
            87
        ],
        [
            0.8,
            87
        ],
        [
            0.81,
            87
        ],
        [
            0.8200000000000001,
            87
        ],
        [
            0.8300000000000001,
            87
        ],
        [
            0.84,
            87
        ],
        [
            0.85,
            87
        ],
        [
            0.86,
            87
        ],
        [
            0.87,
            87
        ],
        [
            0.88,
            87
        ],
        [
            0.89,
            87
        ],
        [
            0.9,
            87
        ],
        [
            0.91,
            87
        ],
        [
            0.92,
            87
        ],
        [
            0.93,
            87
        ],
        [
            0.9400000000000001,
            87
        ],
        [
            0.9500000000000001,
            87
        ],
        [
            0.96,
            87
        ],
        [
            0.97,
            87
        ],
        [
            0.98,
            87
        ],
        [
            0.99,
            87
        ],
        [
            1.0,
            86
        ],
        [
            1.01,
            86
        ],
        [
            1.02,
            86
        ],
        [
            1.03,
            86
        ],
        [
            1.04,
            86
        ],
        [
            1.05,
            86
        ],
        [
            1.06,
            86
        ],
        [
            1.07,
            86
        ],
        [
            1.08,
            86
        ],
        [
            1.09,
            86
        ],
        [
            1.1,
            86
        ],
        [
            1.11,
            86
        ],
        [
            1.12,
            86
        ],
        [
            1.1300000000000001,
            86
        ],
        [
            1.1400000000000001,
            86
        ],
        [
            1.1500000000000001,
            86
        ],
        [
            1.16,
            86
        ],
        [
            1.17,
            86
        ],
        [
            1.18,
            86
        ],
        [
            1.19,
            86
        ],
        [
            1.2,
            86
        ],
        [
            1.21,
            86
        ],
        [
            1.22,
            86
        ],
        [
            1.23,
            86
        ],
        [
            1.24,
            86
        ],
        [
            1.25,
            86
        ],
        [
            1.26,
            86
        ],
        [
            1.27,
            86
        ],
        [
            1.28,
            86
        ],
        [
            1.29,
            86
        ],
        [
            1.3,
            86
        ],
        [
            1.31,
            86
        ],
        [
            1.32,
            86
        ],
        [
            1.33,
            86
        ],
        [
            1.34,
            81
        ],
        [
            1.35,
            81
        ],
        [
            1.36,
            81
        ],
        [
            1.37,
            81
        ],
        [
            1.3800000000000001,
            81
        ],
        [
            1.3900000000000001,
            81
        ],
        [
            1.4000000000000001,
            81
        ],
        [
            1.41,
            81
        ],
        [
            1.42,
