{
    "best": [
        0.01,
        1.99
    ],
    "best_weights_over_time": [
        [
            0.0,
            75
        ],
        [
            0.01,
            84
        ],
        [
            0.02,
            84
        ],
        [
            0.03,
            84
        ],
        [
            0.04,
            84
        ],
        [
            0.05,
            84
        ],
        [
            0.06,
            84
        ],
        [
            0.07,
            84
        ],
        [
            0.08,
            84
        ],
        [
            0.09,
            84
        ],
        [
            0.1,
            84
        ],
        [
            0.11,
            84
        ],
        [
            0.12,
            84
        ],
        [
            0.13,
            84
        ],
        [
            0.14,
            84
        ],
        [
            0.15,
            84
        ],
        [
            0.16,
            84
        ],
        [
            0.17,
            84
        ],
        [
            0.18,
            84
        ],
        [
            0.19,
            84
        ],
        [
            0.2,
            84
        ],
        [
            0.21,
            84
        ],
        [
            0.22,
            84
        ],
        [
            0.23,
            84
        ],
        [
            0.24,
            84
        ],
        [
            0.25,
            84
        ],
        [
            0.26,
            84
        ],
        [
            0.27,
            84
        ],
        [
            0.28,
            84
        ],
        [
            0.29,
            84
        ],
        [
            0.3,
            84
        ],
        [
            0.31,
            84
        ],
        [
            0.32,
            84
        ],
        [
            0.33,
            84
        ],
        [
            0.34,
            84
        ],
        [
            0.35000000000000003,
            84
        ],
        [
            0.36,
            84
        ],
        [
            0.37,
            84
        ],
        [
            0.38,
            84
        ],
        [
            0.39,
            84
        ],
        [
            0.4,
            84
        ],
        [
            0.41000000000000003,
            84
        ],
        [
            0.42,
            84
        ],
        [
            0.43,
            84
        ],
        [
            0.44,
            84
        ],
        [
            0.45,
            84
        ],
        [
            0.46,
            84
        ],
        [
            0.47000000000000003,
            84
        ],
        [
            0.48,
            84
        ],
        [
            0.49,
            84
        ],
        [
            0.5,
            83
        ],
        [
            0.51,
            82
        ],
        [
            0.52,
            82
        ],
        [
            0.53,
            82
        ],
        [
            0.54,
            82
        ],
        [
            0.55,
            82
        ],
        [
            0.56,
            82
        ],
        [
            0.5700000000000001,
            82
        ],
        [
            0.58,
            83
        ],
        [
            0.59,
            83
        ],
        [
            0.6,
            83
        ],
        [
            0.61,
            83
        ],
        [
            0.62,
            83
        ],
        [
            0.63,
            83
        ],
        [
            0.64,
            83
        ],
        [
            0.65,
            83
        ],
        [
            0.66,
            83
        ],
        [
            0.67,
            81
        ],
        [
            0.68,
            81
        ],
        [
            0.6900000000000001,
            81
        ],
        [
            0.7000000000000001,
            81
        ],
        [
            0.71,
            81
        ],
        [
            0.72,
            81
        ],
        [
            0.73,
            81
        ],
        [
            0.74,
            81
        ],
        [
            0.75,
            81
        ],
        [
            0.76,
            81
        ],
        [
            0.77,
            81
        ],
        [
            0.78,
            81
        ],
        [
            0.79,
            81
        ],
        [
            0.8,
            81
        ],
        [
            0.81,
            81
        ],
        [
            0.8200000000000001,
            81
        ],
        [
            0.8300000000000001,
            81
        ],
        [
            0.84,
            81
        ],
        [
            0.85,
            81
        ],
        [
            0.86,
            81
        ],
        [
            0.87,
            81
        ],
        [
            0.88,
            81
        ],
        [
            0.89,
            81
        ],
        [
            0.9,
            81
        ],
        [
            0.91,
            81
        ],
        [
            0.92,
            81
        ],
        [
            0.93,
            81
        ],
        [
            0.9400000000000001,
            81
        ],
        [
            0.9500000000000001,
            81
        ],
        [
            0.96,
            81
        ],
        [
            0.97,
            81
        ],
        [
            0.98,
            81
        ],
        [
            0.99,
            81
        ],
        [
            1.0,
            83
        ],
        [
            1.01,
            83
        ],
        [
            1.02,
            83
        ],
        [
            1.03,
            83
        ],
        [
            1.04,
            83
        ],
        [
            1.05,
            83
        ],
        [
            1.06,
            83
        ],
        [
            1.07,
            83
        ],
        [
            1.08,
            83
        ],
        [
            1.09,
            83
        ],
        [
            1.1,
            83
        ],
        [
            1.11,
            83
        ],
        [
            1.12,
            83
        ],
        [
            1.1300000000000001,
            83
        ],
        [
            1.1400000000000001,
            83
        ],
        [
            1.1500000000000001,
            83
        ],
        [
            1.16,
            83
        ],
        [
            1.17,
            83
        ],
        [
            1.18,
            83
        ],
        [
            1.19,
            83
        ],
        [
            1.2,
            83
        ],
        [
            1.21,
            83
        ],
        [
            1.22,
            83
        ],
        [
            1.23,
            83
        ],
        [
            1.24,
            83
        ],
        [
            1.25,
            83
        ],
        [
            1.26,
            83
        ],
        [
            1.27,
            83
        ],
        [
            1.28,
            83
        ],
        [
            1.29,
            83
        ],
        [
            1.3,
            83
        ],
        [
            1.31,
            83
        ],
        [
            1.32,
            83
        ],
        [
            1.33,
            83
        ],
        [
            1.34,
            81
        ],
        [
            1.35,
            81
        ],
        [
            1.36,
            81
        ],
        [
            1.37,
            81
        ],
        [
            1.3800000000000001,
            81
        ],
        [
            1.3900000000000001,
            81
        ],
        [
            1.4000000000000001,
            81
        ],
        [
            1.41,
            81
        ],
        [
            1.42,
