{
    "best": [
        0.25,
        1.75
    ],
    "best_weights_over_time": [
        [
            0.0,
            90
        ],
        [
            0.01,
            99
        ],
        [
            0.02,
            99
        ],
        [
            0.03,
            99
        ],
        [
            0.04,
            99
        ],
        [
            0.05,
            99
        ],
        [
            0.06,
            99
        ],
        [
            0.07,
            99
        ],
        [
            0.08,
            99
        ],
        [
            0.09,
            99
        ],
        [
            0.1,
            99
        ],
        [
            0.11,
            99
        ],
        [
            0.12,
            99
        ],
        [
            0.13,
            99
        ],
        [
            0.14,
            99
        ],
        [
            0.15,
            99
        ],
        [
            0.16,
            99
        ],
        [
            0.17,
            99
        ],
        [
            0.18,
            99
        ],
        [
            0.19,
            99
        ],
        [
            0.2,
            99
        ],
        [
            0.21,
            99
        ],
        [
            0.22,
            99
        ],
        [
            0.23,
            99
        ],
        [
            0.24,
            99
        ],
        [
            0.25,
            100
        ],
        [
            0.26,
            100
        ],
        [
            0.27,
            100
        ],
        [
            0.28,
            100
        ],
        [
            0.29,
            100
        ],
        [
            0.3,
            100
        ],
        [
            0.31,
            100
        ],
        [
            0.32,
            100
        ],
        [
            0.33,
            100
        ],
        [
            0.34,
            100
        ],
        [
            0.35000000000000003,
            100
        ],
        [
            0.36,
            100
        ],
        [
            0.37,
            100
        ],
        [
            0.38,
            100
        ],
        [
            0.39,
            100
        ],
        [
            0.4,
            100
        ],
        [
            0.41000000000000003,
            100
        ],
        [
            0.42,
            100
        ],
        [
            0.43,
            100
        ],
        [
            0.44,
            100
        ],
        [
            0.45,
            100
        ],
        [
            0.46,
            100
        ],
        [
            0.47000000000000003,
            100
        ],
        [
            0.48,
            100
        ],
        [
            0.49,
            100
        ],
        [
            0.5,
            99
        ],
        [
            0.51,
            98
        ],
        [
            0.52,
            98
        ],
        [
            0.53,
            98
        ],
        [
            0.54,
            98
        ],
        [
            0.55,
            98
        ],
        [
            0.56,
            98
        ],
        [
            0.5700000000000001,
            98
        ],
        [
            0.58,
            98
        ],
        [
            0.59,
            98
        ],
        [
            0.6,
            98
        ],
        [
            0.61,
            98
        ],
        [
            0.62,
            98
        ],
        [
            0.63,
            98
        ],
        [
            0.64,
            98
        ],
        [
            0.65,
            98
        ],
        [
            0.66,
            98
        ],
        [
            0.67,
            98
        ],
        [
            0.68,
            98
        ],
        [
            0.6900000000000001,
            98
        ],
        [
            0.7000000000000001,
            98
        ],
        [
            0.71,
            98
        ],
        [
            0.72,
            98
        ],
        [
            0.73,
            98
        ],
        [
            0.74,
            98
        ],
        [
            0.75,
            98
        ],
        [
            0.76,
            98
        ],
        [
            0.77,
            98
        ],
        [
            0.78,
            98
        ],
        [
            0.79,
            98
        ],
        [
            0.8,
            98
        ],
        [
            0.81,
            98
        ],
        [
            0.8200000000000001,
            98
        ],
        [
            0.8300000000000001,
            98
        ],
        [
            0.84,
            98
        ],
        [
            0.85,
            98
        ],
        [
            0.86,
            98
        ],
        [
            0.87,
            98
        ],
        [
            0.88,
            98
        ],
        [
            0.89,
            98
        ],
        [
            0.9,
            98
        ],
        [
            0.91,
            98
        ],
        [
            0.92,
            98
        ],
        [
            0.93,
            98
        ],
        [
            0.9400000000000001,
            98
        ],
        [
            0.9500000000000001,
            98
        ],
        [
            0.96,
            98
        ],
        [
            0.97,
            98
        ],
        [
            0.98,
            98
        ],
        [
            0.99,
            98
        ],
        [
            1.0,
            97
        ],
        [
            1.01,
            97
        ],
        [
            1.02,
            97
        ],
        [
            1.03,
            97
        ],
        [
            1.04,
            97
        ],
        [
            1.05,
            97
        ],
        [
            1.06,
            97
        ],
        [
            1.07,
            97
        ],
        [
            1.08,
            97
        ],
        [
            1.09,
            97
        ],
        [
            1.1,
            97
        ],
        [
            1.11,
            97
        ],
        [
            1.12,
            97
        ],
        [
            1.1300000000000001,
            97
        ],
        [
            1.1400000000000001,
            97
        ],
        [
            1.1500000000000001,
            96
        ],
        [
            1.16,
            96
        ],
        [
            1.17,
            96
        ],
        [
            1.18,
            96
        ],
        [
            1.19,
            96
        ],
        [
            1.2,
            96
        ],
        [
            1.21,
            95
        ],
        [
            1.22,
            95
        ],
        [
            1.23,
            95
        ],
        [
            1.24,
            95
        ],
        [
            1.25,
            95
        ],
        [
            1.26,
            95
        ],
        [
            1.27,
            95
        ],
        [
            1.28,
            95
        ],
        [
            1.29,
            95
        ],
        [
            1.3,
            95
        ],
        [
            1.31,
            95
        ],
        [
            1.32,
            95
        ],
        [
            1.33,
            95
        ],
        [
            1.34,
            95
        ],
        [
            1.35,
            95
        ],
        [
            1.36,
            95
        ],
        [
            1.37,
            95
        ],
        [
            1.3800000000000001,
            95
        ],
        [
            1.3900000000000001,
            95
        ],
        [
            1.4000000000000001,
            95
        ],
        [
            1.41,
            95
        ],
        [
